<?xml version="1.0" encoding="UTF-8"?>
<project-private xmlns="http://www.netbeans.org/ns/project-private/1">
    <editor-bookmarks xmlns="http://www.netbeans.org/ns/editor-bookmarks/2" lastBookmarkId="0"/>
    <open-files xmlns="http://www.netbeans.org/ns/projectui-open-files/2">
        <group>
            <file>file:/C:/Users/laugvelazquez1/Desktop/Bases%20de%20datos/Proyecto%20final/Proyecto%20final/Ponchito/src/ponchito/Ponchito.java</file>
            <file>file:/C:/Users/laugvelazquez1/Desktop/Bases%20de%20datos/Proyecto%20final/Proyecto%20final/Ponchito/src/libs/Alertas.java</file>
            <file>file:/C:/Users/laugvelazquez1/Desktop/Bases%20de%20datos/Proyecto%20final/Proyecto%20final/Ponchito/src/controllers/MainController.java</file>
            <file>file:/C:/Users/laugvelazquez1/Desktop/Bases%20de%20datos/Proyecto%20final/Proyecto%20final/Ponchito/src/controllers/LoginController.java</file>
            <file>file:/C:/Users/laugvelazquez1/Desktop/Bases%20de%20datos/Proyecto%20final/Proyecto%20final/Ponchito/src/libs/Conexion.java</file>
            <file>file:/C:/Users/laugvelazquez1/Desktop/Bases%20de%20datos/Proyecto%20final/Proyecto%20final/Ponchito/src/models/Ciudades.java</file>
            <file>file:/C:/Users/laugvelazquez1/Desktop/Bases%20de%20datos/Proyecto%20final/Proyecto%20final/Ponchito/src/models/Circuitos.java</file>
        </group>
    </open-files>
</project-private>
